threshold	macro_f05	macro_precision	macro_recall	predicted_matches	true_matches
0.9000000000000002	0.9675837819521163	0.9833690476190478	0.9381815476190476	1262	1339
0.8900000000000002	0.9671924739137495	0.9825357142857143	0.9395148809523809	1266	1339
0.8800000000000002	0.9661672664822919	0.9807857142857144	0.9414732142857143	1272	1339
0.9100000000000003	0.9661447216251884	0.9840833333333333	0.9321398809523811	1252	1339
0.8700000000000002	0.9656078067534243	0.9791190476190477	0.9443690476190476	1280	1339
0.8600000000000002	0.9652422370805792	0.9776607142857143	0.9466190476190477	1285	1339
0.8500000000000002	0.9635196116806661	0.9742023809523809	0.9522261904761905	1296	1339
0.9200000000000003	0.9628043339636799	0.9830416666666667	0.922592261904762	1237	1339
0.8400000000000002	0.9626240741553111	0.9728690476190477	0.9527261904761906	1300	1339
0.9300000000000002	0.9614173008578969	0.983875	0.9155089285714285	1223	1339
0.7800000000000001	0.9608223763440352	0.9667857142857144	0.9640803571428571	1327	1339
0.8300000000000002	0.9606257935457606	0.9702440476190478	0.9539553571428572	1308	1339
0.7300000000000002	0.9603119247043795	0.9640119047619048	0.9701458333333334	1344	1339
0.7500000000000002	0.9602697273184322	0.9646785714285714	0.9677708333333334	1337	1339
0.7700000000000002	0.9601092995109455	0.9650357142857143	0.9661041666666667	1334	1339
0.7200000000000002	0.9600671051856631	0.9636369047619047	0.9707708333333334	1348	1339
0.7600000000000002	0.9600424545911594	0.9646785714285714	0.9669374999999999	1336	1339
0.7000000000000002	0.9599752138767506	0.9628869047619049	0.9728541666666666	1354	1339
0.7400000000000002	0.9598093543580594	0.9640119047619048	0.9681875	1341	1339
0.7100000000000002	0.9596745239107288	0.9632619047619048	0.9707708333333334	1351	1339
0.7900000000000001	0.9595867002554179	0.9667857142857144	0.960580357142857	1322	1339
0.8000000000000002	0.959294006622941	0.9674107142857143	0.9579970238095237	1318	1339
0.8100000000000002	0.9590559113848458	0.9682440476190476	0.9549970238095239	1314	1339
0.8200000000000002	0.9589597575386919	0.9682440476190476	0.9545803571428572	1313	1339
0.6900000000000002	0.9585492907527419	0.9613250915750915	0.9728541666666666	1362	1339
0.6800000000000002	0.9577549830454843	0.960297619047619	0.9733541666666667	1367	1339
0.6700000000000002	0.9568514164079182	0.9586041666666667	0.9751041666666667	1380	1339
0.6600000000000001	0.9565579411144428	0.9583194444444445	0.9751041666666667	1383	1339
0.9400000000000002	0.9559504392880942	0.985125	0.8938839285714286	1194	1339
0.6400000000000001	0.952925651083318	0.9543718185550083	0.9757291666666668	1404	1339
0.6500000000000001	0.9527440676842903	0.9544374999999999	0.9751041666666667	1395	1339
0.6300000000000001	0.9526715459206517	0.9538057889822597	0.9763541666666667	1414	1339
0.9500000000000002	0.9519754039068087	0.9867916666666667	0.8795505952380952	1172	1339
0.6100000000000001	0.949804666201203	0.9503822055137845	0.9781875	1433	1339
0.6200000000000001	0.9497806107240225	0.950599420849421	0.9771875	1421	1339
0.6000000000000002	0.9483362660373501	0.9486061507936508	0.9781875	1440	1339
0.5600000000000002	0.9481571256912438	0.9477653070109966	0.9824375000000001	1470	1339
0.5900000000000002	0.947977288040544	0.9479690709617181	0.9793125	1453	1339
0.5700000000000002	0.9473924863021886	0.9471734994474909	0.9799375	1464	1339
0.5800000000000002	0.9473439345458503	0.9472707570207571	0.9793125	1460	1339
0.5500000000000002	0.9455495149406733	0.9451632744495647	0.9824375000000001	1475	1339
0.5400000000000001	0.9454542158710616	0.944981544198139	0.9828541666666666	1481	1339
0.5300000000000001	0.9449421060605822	0.9442882198578356	0.9832708333333335	1490	1339
0.5200000000000001	0.9442789756411734	0.9435426587301587	0.9832708333333335	1496	1339
0.5100000000000001	0.9436989618607953	0.9428960478335479	0.9832708333333335	1499	1339
0.5000000000000001	0.9428986883831183	0.9420519966144966	0.9832708333333335	1505	1339
0.49000000000000005	0.9401560596363201	0.9388821248196249	0.9848958333333334	1513	1339
0.4800000000000001	0.9394884416305499	0.9377957251082252	0.9862291666666667	1526	1339
0.4700000000000001	0.9392960712632248	0.9374362373737374	0.9868541666666667	1532	1339
0.4600000000000001	0.9375198641017763	0.9354786573720397	0.9868541666666667	1543	1339
0.45000000000000007	0.9358648501699391	0.9337055034496395	0.9868541666666667	1553	1339
0.44000000000000006	0.9356700090914775	0.9333815686125468	0.9872708333333332	1558	1339
0.43000000000000005	0.9350771687886085	0.9327352680861533	0.9872708333333332	1565	1339
0.42000000000000004	0.9343092847536718	0.9318561944417703	0.9872708333333332	1570	1339
0.4100000000000001	0.930716691728513	0.9279286150766908	0.9878958333333333	1579	1339
0.4000000000000001	0.9303453060440705	0.9275570294643438	0.9878958333333333	1589	1339
0.39000000000000007	0.9295811070624802	0.9266805725878868	0.9878958333333333	1596	1339
0.38000000000000006	0.9283232890386373	0.9253281137893754	0.9878958333333333	1605	1339
0.37000000000000005	0.9269622177349774	0.9237242087974269	0.9878958333333333	1614	1339
0.36000000000000004	0.9253567167160291	0.9219718757319336	0.9878958333333333	1624	1339
0.35000000000000003	0.9249605953426233	0.9216144345998303	0.9878958333333333	1633	1339
0.34	0.9246460280955349	0.921297098807625	0.9878958333333333	1639	1339
0.33	0.924595355841744	0.9212540705553477	0.9878958333333333	1649	1339
0.32000000000000006	0.9221697698215796	0.918537300682329	0.9878958333333333	1667	1339
0.31000000000000005	0.9205373882898326	0.9168302581621675	0.9878958333333333	1682	1339
0.30000000000000004	0.9193711205204123	0.9155336832192745	0.9878958333333333	1699	1339
0.29000000000000004	0.9175500593176639	0.9132498646154356	0.9887291666666667	1710	1339
0.28	0.9165364118335018	0.9120792272861239	0.9887291666666667	1731	1339
0.27	0.9154333869910911	0.9108723646037177	0.9887291666666667	1754	1339
0.26000000000000006	0.9145153032791526	0.9098490662718725	0.9887291666666667	1765	1339
0.25000000000000006	0.913111345723681	0.9082718284676737	0.9887291666666667	1786	1339
0.24000000000000005	0.9089039570883961	0.9038591753742944	0.9887291666666667	1803	1339
0.23000000000000004	0.90627933070135	0.9008641701361756	0.9892291666666666	1826	1339
0.22000000000000003	0.9034062487689499	0.8974403739031689	0.9892291666666666	1844	1339
0.21000000000000002	0.9022113964027619	0.8960966802763659	0.9892291666666666	1856	1339
0.2	0.8983311786650543	0.8920798382328584	0.9892291666666666	1883	1339
0.19	0.8958434377108682	0.889260214331218	0.9892291666666666	1912	1339
0.18000000000000005	0.8939586449544045	0.8871413174414999	0.9892291666666666	1935	1339
0.17000000000000004	0.8892068232138692	0.8818138905190956	0.9892291666666666	1966	1339
0.16000000000000003	0.8856424823112475	0.8778903899427472	0.9892291666666666	1997	1339
0.15000000000000002	0.8808724141076927	0.8730598112985564	0.9892291666666666	2025	1339
0.14	0.8795938414717255	0.8716796667423401	0.9892291666666666	2062	1339
0.13	0.8742939555341224	0.8654423629719536	0.9900625	2101	1339
0.12000000000000001	0.8702583847727797	0.8609629129160276	0.9900625	2141	1339
0.11000000000000001	0.8666056984895764	0.8569330489138486	0.9900625	2190	1339
0.1	0.8600823734398041	0.8499407401095713	0.9900625	2238	1339
0.09000000000000001	0.8537694762493504	0.8429033736170937	0.9900625	2294	1339
0.08000000000000002	0.8417179888515863	0.8292094234027124	0.9921458333333334	2370	1339
0.07	0.8292316912951552	0.8153333864220172	0.9929791666666666	2457	1339
0.060000000000000005	0.8194255401857768	0.8045296433811386	0.9929791666666666	2564	1339
0.05	0.8042110190531795	0.7877518299219066	0.9934791666666666	2690	1339
