feature	importance_gain	importance_split
address_tfidf	401674.1588233439	497
address_token_set_ratio	143908.1437774673	366
address_present_target	9954.966613769531	62
name_jaccard	9750.35939846537	807
hybrid_tfidf	9611.515894398093	721
address_length_ratio	8347.995954146609	379
name_token_sort_ratio	6558.7595050232485	739
shared_numbers	4369.254044062458	136
name_token_set_ratio	3812.944576021284	569
name_ratio	3386.525065314956	864
address_jaccard	3240.291598390788	447
name_partial_ratio	2608.6291925385594	673
name_tfidf	1942.9777734726667	721
address_token_sort_ratio	1563.6371507644653	287
address_ratio	1539.5472968486138	490
first_number_equal	891.013405688107	147
name_length_ratio	890.9991293698549	650
canonical_jaccard	737.9946392215788	83
address_missing_either	643.4600067138672	5
shared_numbers_binary	279.86148422956467	18
is_s2	219.0106066763401	96
name_token_sorted_equal	135.10953244566917	58
is_s3	94.14495074748993	47
name_core_equal	1.5260570049285889	2
name_basic_equal	1.01112300157547	2
address_present_s1	0.0	0
address_basic_equal	0.0	0
address_canonical_equal	0.0	0
address_token_sorted_equal	0.0	0
shared_postal	0.0	0
shared_postal_binary	0.0	0
country_equal	0.0	0
